url,id,name
https://www.nba.com/player/1630546/max-abmas/,1630546,Max Abmas/
https://www.nba.com/player/1630173/precious-achiuwa/,1630173,Precious Achiuwa/
https://www.nba.com/player/203500/steven-adams/,203500,Steven Adams/
https://www.nba.com/player/1628389/bam-adebayo/,1628389,Bam Adebayo/
https://www.nba.com/player/1630534/ochai-agbaji/,1630534,Ochai Agbaji/
https://www.nba.com/player/1631231/james-akinjo/,1631231,James Akinjo/
https://www.nba.com/player/1630583/santi-aldama/,1630583,Santi Aldama/
https://www.nba.com/player/1641725/trey-alexander/,1641725,Trey Alexander/
https://www.nba.com/player/1629638/nickeil-alexander-walker/,1629638,Nickeil Alexander Walker/
https://www.nba.com/player/1628960/grayson-allen/,1628960,Grayson Allen/
https://www.nba.com/player/1628386/jarrett-allen/,1628386,Jarrett Allen/
https://www.nba.com/player/1630631/jose-alvarado/,1630631,Jose Alvarado/
https://www.nba.com/player/203937/kyle-anderson/,203937,Kyle Anderson/
https://www.nba.com/player/203507/giannis-antetokounmpo/,203507,Giannis Antetokounmpo/
https://www.nba.com/player/1630175/cole-anthony/,1630175,Cole Anthony/
https://www.nba.com/player/1628384/og-anunoby/,1628384,Og Anunoby/
https://www.nba.com/player/1631317/adonis-arms/,1631317,Adonis Arms/
https://www.nba.com/player/1630166/deni-avdija/,1630166,Deni Avdija/
https://www.nba.com/player/1629028/deandre-ayton/,1629028,Deandre Ayton/
https://www.nba.com/player/1630654/armando-bacot/,1630654,Armando Bacot/
https://www.nba.com/player/1628963/marvin-bagley-iii/,1628963,Marvin Bagley Iii/
https://www.nba.com/player/1641735/amari-bailey/,1641735,Amari Bailey/
https://www.nba.com/player/1631116/patrick-baldwin-jr/,1631116,Patrick Baldwin Jr/
https://www.nba.com/player/1630163/lamelo-ball/,1630163,Lamelo Ball/
https://www.nba.com/player/1628366/lonzo-ball/,1628366,Lonzo Ball/
https://www.nba.com/player/1628964/mo-bamba/,1628964,Mo Bamba/
https://www.nba.com/player/1631094/paolo-banchero/,1631094,Paolo Banchero/
https://www.nba.com/player/1630217/desmond-bane/,1630217,Desmond Bane/
https://www.nba.com/player/1630625/dalano-banton/,1630625,Dalano Banton/
https://www.nba.com/player/1631230/dominick-barlow/,1631230,Dominick Barlow/
https://www.nba.com/player/203084/harrison-barnes/,203084,Harrison Barnes/
https://www.nba.com/player/1630567/scottie-barnes/,1630567,Scottie Barnes/
https://www.nba.com/player/1629628/rj-barrett/,1629628,Rj Barrett/
https://www.nba.com/player/1629646/charles-bassey/,1629646,Charles Bassey/
https://www.nba.com/player/1641734/emoni-bates/,1641734,Emoni Bates/
https://www.nba.com/player/1628966/keita-bates-diop/,1628966,Keita Bates Diop/
https://www.nba.com/player/1642419/jamison-battle/,1642419,Jamison Battle/
https://www.nba.com/player/201587/nicolas-batum/,201587,Nicolas Batum/
https://www.nba.com/player/1641878/damion-baugh/,1641878,Damion Baugh/
https://www.nba.com/player/203078/bradley-beal/,203078,Bradley Beal/
https://www.nba.com/player/1627736/malik-beasley/,1627736,Malik Beasley/
https://www.nba.com/player/1630699/marjon-beauchamp/,1630699,Marjon Beauchamp/
https://www.nba.com/player/1641736/reece-beekman/,1641736,Reece Beekman/
https://www.nba.com/player/1631262/jules-bernard/,1631262,Jules Bernard/
https://www.nba.com/player/1630180/saddiq-bey/,1630180,Saddiq Bey/
https://www.nba.com/player/1629048/goga-bitadze/,1629048,Goga Bitadze/
https://www.nba.com/player/1641931/onuralp-bitim/,1641931,Onuralp Bitim/
https://www.nba.com/player/1641710/anthony-black/,1641710,Anthony Black/
https://www.nba.com/player/1641778/leaky-black/,1641778,Leaky Black/
https://www.nba.com/player/203992/bogdan-bogdanovic/,203992,Bogdan Bogdanovic/
https://www.nba.com/player/202711/bojan-bogdanovic/,202711,Bojan Bogdanovic/
https://www.nba.com/player/1629626/bol-bol/,1629626,Bol Bol/
https://www.nba.com/player/1641737/adem-bona/,1641737,Adem Bona/
https://www.nba.com/player/1626164/devin-booker/,1626164,Devin Booker/
https://www.nba.com/player/1630527/brandon-boston-jr/,1630527,Brandon Boston Jr/
https://www.nba.com/player/1628449/chris-boucher/,1628449,Chris Boucher/
https://www.nba.com/player/1628396/tony-bradley/,1628396,Tony Bradley/
https://www.nba.com/player/1631103/malaki-branham/,1631103,Malaki Branham/
https://www.nba.com/player/1631128/christian-braun/,1631128,Christian Braun/
https://www.nba.com/player/1641779/jalen-bridges/,1641779,Jalen Bridges/
https://www.nba.com/player/1628969/mikal-bridges/,1628969,Mikal Bridges/
https://www.nba.com/player/1628970/miles-bridges/,1628970,Miles Bridges/
https://www.nba.com/player/1627763/malcolm-brogdon/,1627763,Malcolm Brogdon/
https://www.nba.com/player/1628415/dillon-brooks/,1628415,Dillon Brooks/
https://www.nba.com/player/1631232/keion-brooks-jr/,1631232,Keion Brooks Jr/
https://www.nba.com/player/1628971/bruce-brown/,1628971,Bruce Brown/
https://www.nba.com/player/1627759/jaylen-brown/,1627759,Jaylen Brown/
https://www.nba.com/player/1631112/kendall-brown/,1631112,Kendall Brown/
https://www.nba.com/player/1641738/kobe-brown/,1641738,Kobe Brown/
https://www.nba.com/player/1629718/charlie-brown-jr/,1629718,Charlie Brown Jr/
https://www.nba.com/player/1628973/jalen-brunson/,1628973,Jalen Brunson/
https://www.nba.com/player/1628418/thomas-bryant/,1628418,Thomas Bryant/
https://www.nba.com/player/1641723/kobe-bufkin/,1641723,Kobe Bufkin/
https://www.nba.com/player/202692/alec-burks/,202692,Alec Burks/
https://www.nba.com/player/1630215/jared-butler/,1630215,Jared Butler/
https://www.nba.com/player/202710/jimmy-butler/,202710,Jimmy Butler/
https://www.nba.com/player/1641824/matas-buzelis/,1641824,Matas Buzelis/
https://www.nba.com/player/1631288/jamal-cain/,1631288,Jamal Cain/
https://www.nba.com/player/203484/kentavious-caldwell-pope/,203484,Kentavious Caldwell Pope/
https://www.nba.com/player/1641739/toumani-camara/,1641739,Toumani Camara/
https://www.nba.com/player/1628427/vlatko-cancar/,1628427,Vlatko Cancar/
https://www.nba.com/player/203991/clint-capela/,203991,Clint Capela/
https://www.nba.com/player/1642382/branden-carlson/,1642382,Branden Carlson/
https://www.nba.com/player/1642267/carlton-carrington/,1642267,Carlton Carrington/
https://www.nba.com/player/1642269/devin-carter/,1642269,Devin Carter/
https://www.nba.com/player/1628975/jevon-carter/,1628975,Jevon Carter/
https://www.nba.com/player/1628976/wendell-carter-jr/,1628976,Wendell Carter Jr/
https://www.nba.com/player/1630618/dj-carton/,1630618,Dj Carton/
https://www.nba.com/player/1627936/alex-caruso/,1627936,Alex Caruso/
https://www.nba.com/player/1642264/stephon-castle/,1642264,Stephon Castle/
https://www.nba.com/player/1630658/colin-castleton/,1630658,Colin Castleton/
https://www.nba.com/player/1630577/julian-champagnie/,1630577,Julian Champagnie/
https://www.nba.com/player/1630551/justin-champagnie/,1630551,Justin Champagnie/
https://www.nba.com/player/1642279/ulrich-chomche/,1642279,Ulrich Chomche/
https://www.nba.com/player/1642353/cam-christie/,1642353,Cam Christie/
https://www.nba.com/player/1631108/max-christie/,1631108,Max Christie/
https://www.nba.com/player/1630528/josh-christopher/,1630528,Josh Christopher/
https://www.nba.com/player/1631321/sidy-cissoko/,1631321,Sidy Cissoko/
https://www.nba.com/player/1641740/jaylen-clark/,1641740,Jaylen Clark/
https://www.nba.com/player/1629634/brandon-clarke/,1629634,Brandon Clarke/
https://www.nba.com/player/203903/jordan-clarkson/,203903,Jordan Clarkson/
https://www.nba.com/player/1629651/nic-claxton/,1629651,Nic Claxton/
https://www.nba.com/player/1642270/donovan-clingan/,1642270,Donovan Clingan/
https://www.nba.com/player/1641730/noah-clowney/,1641730,Noah Clowney/
https://www.nba.com/player/1629599/amir-coffey/,1629599,Amir Coffey/
https://www.nba.com/player/1642268/isaiah-collier/,1642268,Isaiah Collier/
https://www.nba.com/player/1628381/john-collins/,1628381,John Collins/
https://www.nba.com/player/1628380/zach-collins/,1628380,Zach Collins/
https://www.nba.com/player/201144/mike-conley/,201144,Mike Conley/
https://www.nba.com/player/1626192/pat-connaughton/,1626192,Pat Connaughton/
https://www.nba.com/player/1641731/bilal-coulibaly/,1641731,Bilal Coulibaly/
https://www.nba.com/player/1641741/ricky-council-iv/,1641741,Ricky Council Iv/
https://www.nba.com/player/1628470/torrey-craig/,1628470,Torrey Craig/
https://www.nba.com/player/1642384/isaiah-crawford/,1642384,Isaiah Crawford/
https://www.nba.com/player/1630622/jalen-crutcher/,1630622,Jalen Crutcher/
https://www.nba.com/player/1642385/yongxi-cui/,1642385,Yongxi Cui/
https://www.nba.com/player/1629633/jarrett-culver/,1629633,Jarrett Culver/
https://www.nba.com/player/1630595/cade-cunningham/,1630595,Cade Cunningham/
https://www.nba.com/player/203552/seth-curry/,203552,Seth Curry/
https://www.nba.com/player/201939/stephen-curry/,201939,Stephen Curry/
https://www.nba.com/player/1641783/tristan-da-silva/,1641783,Tristan Da Silva/
https://www.nba.com/player/1642359/pacome-dadiet/,1642359,Pacome Dadiet/
https://www.nba.com/player/1641915/caleb-daniels/,1641915,Caleb Daniels/
https://www.nba.com/player/1630700/dyson-daniels/,1630700,Dyson Daniels/
https://www.nba.com/player/1642368/nfaly-dante/,1642368,Nfaly Dante/
https://www.nba.com/player/1630268/nate-darling/,1630268,Nate Darling/
https://www.nba.com/player/203076/anthony-davis/,203076,Anthony Davis/
https://www.nba.com/player/1631098/johnny-davis/,1631098,Johnny Davis/
https://www.nba.com/player/1629056/terence-davis/,1629056,Terence Davis/
https://www.nba.com/player/1631120/jd-davison/,1631120,Jd Davison/
https://www.nba.com/player/1642484/rayj-dennis/,1642484,Rayj Dennis/
https://www.nba.com/player/201942/demar-derozan/,201942,Demar Derozan/
https://www.nba.com/player/1631217/moussa-diabate/,1631217,Moussa Diabate/
https://www.nba.com/player/1629603/mamadi-diakite/,1629603,Mamadi Diakite/
https://www.nba.com/player/1641711/gradey-dick/,1641711,Gradey Dick/
https://www.nba.com/player/1631172/ousmane-dieng/,1631172,Ousmane Dieng/
https://www.nba.com/player/1642265/rob-dillingham/,1642265,Rob Dillingham/
https://www.nba.com/player/203915/spencer-dinwiddie/,203915,Spencer Dinwiddie/
https://www.nba.com/player/1628978/donte-divincenzo/,1628978,Donte Divincenzo/
https://www.nba.com/player/1629029/luka-doncic/,1629029,Luka Doncic/
https://www.nba.com/player/1629652/luguentz-dort/,1629652,Luguentz Dort/
https://www.nba.com/player/1630245/ayo-dosunmu/,1630245,Ayo Dosunmu/
https://www.nba.com/player/1630288/jeff-dowtin-jr/,1630288,Jeff Dowtin Jr/
https://www.nba.com/player/1628408/pj-dozier/,1628408,Pj Dozier/
https://www.nba.com/player/203083/andre-drummond/,203083,Andre Drummond/
https://www.nba.com/player/1630537/chris-duarte/,1630537,Chris Duarte/
https://www.nba.com/player/1642505/alex-ducas/,1642505,Alex Ducas/
https://www.nba.com/player/1630561/david-duke-jr/,1630561,David Duke Jr/
https://www.nba.com/player/1627739/kris-dunn/,1627739,Kris Dunn/
https://www.nba.com/player/1642346/ryan-dunn/,1642346,Ryan Dunn/
https://www.nba.com/player/201142/kevin-durant/,201142,Kevin Durant/
https://www.nba.com/player/1631105/jalen-duren/,1631105,Jalen Duren/
https://www.nba.com/player/1631106/tari-eason/,1631106,Tari Eason/
https://www.nba.com/player/1641744/zach-edey/,1641744,Zach Edey/
https://www.nba.com/player/1630162/anthony-edwards/,1630162,Anthony Edwards/
https://www.nba.com/player/1642399/jesse-edwards/,1642399,Jesse Edwards/
https://www.nba.com/player/1642348/justin-edwards/,1642348,Justin Edwards/
https://www.nba.com/player/1630556/kessler-edwards/,1630556,Kessler Edwards/
https://www.nba.com/player/1642407/boogie-ellis/,1642407,Boogie Ellis/
https://www.nba.com/player/1631165/keon-ellis/,1631165,Keon Ellis/
https://www.nba.com/player/203954/joel-embiid/,203954,Joel Embiid/
https://www.nba.com/player/1642400/tristan-enaruna/,1642400,Tristan Enaruna/
https://www.nba.com/player/1642401/aaron-estrada/,1642401,Aaron Estrada/
https://www.nba.com/player/1629234/drew-eubanks/,1629234,Drew Eubanks/
https://www.nba.com/player/1641787/tosan-evbuomwan/,1641787,Tosan Evbuomwan/
https://www.nba.com/player/203957/dante-exum/,203957,Dante Exum/
https://www.nba.com/player/1628981/bruno-fernando/,1628981,Bruno Fernando/
https://www.nba.com/player/1642499/max-fiedler/,1642499,Max Fiedler/
https://www.nba.com/player/1642271/kyle-filipowski/,1642271,Kyle Filipowski/
https://www.nba.com/player/1627827/dorian-finney-smith/,1627827,Dorian Finney Smith/
https://www.nba.com/player/1641745/adam-flagler/,1641745,Adam Flagler/
https://www.nba.com/player/1642280/trentyn-flowers/,1642280,Trentyn Flowers/
https://www.nba.com/player/1630201/malachi-flynn/,1630201,Malachi Flynn/
https://www.nba.com/player/1631323/simone-fontecchio/,1631323,Simone Fontecchio/
https://www.nba.com/player/1628368/deaaron-fox/,1628368,Deaaron Fox/
https://www.nba.com/player/1642402/enrique-freeman/,1642402,Enrique Freeman/
https://www.nba.com/player/1642277/johnny-furphy/,1642277,Johnny Furphy/
https://www.nba.com/player/1629655/daniel-gafford/,1629655,Daniel Gafford/
https://www.nba.com/player/1629636/darius-garland/,1629636,Darius Garland/
https://www.nba.com/player/1630568/luka-garza/,1630568,Luka Garza/
https://www.nba.com/player/1641718/keyonte-george/,1641718,Keyonte George/
https://www.nba.com/player/1642273/kyshawn-george/,1642273,Kyshawn George/
https://www.nba.com/player/202331/paul-george/,202331,Paul George/
https://www.nba.com/player/201959/taj-gibson/,201959,Taj Gibson/
https://www.nba.com/player/1630581/josh-giddey/,1630581,Josh Giddey/
https://www.nba.com/player/1628385/harry-giles-iii/,1628385,Harry Giles Iii/
https://www.nba.com/player/1628983/shai-gilgeous-alexander/,1628983,Shai Gilgeous Alexander/
https://www.nba.com/player/1630264/anthony-gill/,1630264,Anthony Gill/
https://www.nba.com/player/1631221/collin-gillespie/,1631221,Collin Gillespie/
https://www.nba.com/player/1631367/jacob-gilyard/,1631367,Jacob Gilyard/
https://www.nba.com/player/203497/rudy-gobert/,203497,Rudy Gobert/
https://www.nba.com/player/1630692/jordan-goodwin/,1630692,Jordan Goodwin/
https://www.nba.com/player/203932/aaron-gordon/,203932,Aaron Gordon/
https://www.nba.com/player/201569/eric-gordon/,201569,Eric Gordon/
https://www.nba.com/player/1641789/jazian-gortman/,1641789,Jazian Gortman/
https://www.nba.com/player/1628984/devonte-graham/,1628984,Devonte Graham/
https://www.nba.com/player/203924/jerami-grant/,203924,Jerami Grant/
https://www.nba.com/player/1631260/aj-green/,1631260,Aj Green/
https://www.nba.com/player/203110/draymond-green/,203110,Draymond Green/
https://www.nba.com/player/1630224/jalen-green/,1630224,Jalen Green/
https://www.nba.com/player/1629750/javonte-green/,1629750,Javonte Green/
https://www.nba.com/player/201145/jeff-green/,201145,Jeff Green/
https://www.nba.com/player/1630182/josh-green/,1630182,Josh Green/
https://www.nba.com/player/1629656/quentin-grimes/,1629656,Quentin Grimes/
https://www.nba.com/player/1631243/mouhamed-gueye/,1631243,Mouhamed Gueye/
https://www.nba.com/player/1629060/rui-hachimura/,1629060,Rui Hachimura/
https://www.nba.com/player/1630169/tyrese-haliburton/,1630169,Tyrese Haliburton/
https://www.nba.com/player/1641790/pj-hall/,1641790,Pj Hall/
https://www.nba.com/player/203501/tim-hardaway-jr/,203501,Tim Hardaway Jr/
https://www.nba.com/player/201935/james-harden/,201935,James Harden/
https://www.nba.com/player/1630702/jaden-hardy/,1630702,Jaden Hardy/
https://www.nba.com/player/1631199/ron-harper-jr/,1631199,Ron Harper Jr/
https://www.nba.com/player/203914/gary-harris/,203914,Gary Harris/
https://www.nba.com/player/1630284/kevon-harris/,1630284,Kevon Harris/
https://www.nba.com/player/202699/tobias-harris/,202699,Tobias Harris/
https://www.nba.com/player/1628404/josh-hart/,1628404,Josh Hart/
https://www.nba.com/player/1628392/isaiah-hartenstein/,1628392,Isaiah Hartenstein/
https://www.nba.com/player/1630573/sam-hauser/,1630573,Sam Hauser/
https://www.nba.com/player/1641722/jordan-hawkins/,1641722,Jordan Hawkins/
https://www.nba.com/player/1629637/jaxson-hayes/,1629637,Jaxson Hayes/
https://www.nba.com/player/1630165/killian-hayes/,1630165,Killian Hayes/
https://www.nba.com/player/1630703/scoot-henderson/,1630703,Scoot Henderson/
https://www.nba.com/player/1641707/taylor-hendricks/,1641707,Taylor Hendricks/
https://www.nba.com/player/1629639/tyler-herro/,1629639,Tyler Herro/
https://www.nba.com/player/1627741/buddy-hield/,1627741,Buddy Hield/
https://www.nba.com/player/1629312/haywood-highsmith/,1629312,Haywood Highsmith/
https://www.nba.com/player/1630792/malcolm-hill/,1630792,Malcolm Hill/
https://www.nba.com/player/1642396/blake-hinson/,1642396,Blake Hinson/
https://www.nba.com/player/1630207/nate-hinton/,1630207,Nate Hinton/
https://www.nba.com/player/1628988/aaron-holiday/,1628988,Aaron Holiday/
https://www.nba.com/player/201950/jrue-holiday/,201950,Jrue Holiday/
https://www.nba.com/player/1641842/ronald-holland-ii/,1641842,Ronald Holland Ii/
https://www.nba.com/player/1626158/richaun-holmes/,1626158,Richaun Holmes/
https://www.nba.com/player/1641747/daron-holmes-ii/,1641747,Daron Holmes Ii/
https://www.nba.com/player/1631096/chet-holmgren/,1631096,Chet Holmgren/
https://www.nba.com/player/1641720/jalen-hood-schifino/,1641720,Jalen Hood Schifino/
https://www.nba.com/player/201143/al-horford/,201143,Al Horford/
https://www.nba.com/player/1629659/talen-horton-tucker/,1629659,Talen Horton Tucker/
https://www.nba.com/player/1631216/caleb-houstan/,1631216,Caleb Houstan/
https://www.nba.com/player/1641724/jett-howard/,1641724,Jett Howard/
https://www.nba.com/player/1628989/kevin-huerter/,1628989,Kevin Huerter/
https://www.nba.com/player/1630643/jay-huff/,1630643,Jay Huff/
https://www.nba.com/player/1630574/ariel-hukporti/,1630574,Ariel Hukporti/
https://www.nba.com/player/1629631/deandre-hunter/,1629631,Deandre Hunter/
https://www.nba.com/player/1630538/bones-hyland/,1630538,Bones Hyland/
https://www.nba.com/player/1642345/oso-ighodaro/,1642345,Oso Ighodaro/
https://www.nba.com/player/204060/joe-ingles/,204060,Joe Ingles/
https://www.nba.com/player/1627742/brandon-ingram/,1627742,Brandon Ingram/
https://www.nba.com/player/1631127/harrison-ingram/,1631127,Harrison Ingram/
https://www.nba.com/player/202681/kyrie-irving/,202681,Kyrie Irving/
https://www.nba.com/player/1628371/jonathan-isaac/,1628371,Jonathan Isaac/
https://www.nba.com/player/1631093/jaden-ivey/,1631093,Jaden Ivey/
https://www.nba.com/player/1641713/gg-jackson/,1641713,Gg Jackson/
https://www.nba.com/player/1630543/isaiah-jackson/,1630543,Isaiah Jackson/
https://www.nba.com/player/1631245/quenton-jackson/,1631245,Quenton Jackson/
https://www.nba.com/player/202704/reggie-jackson/,202704,Reggie Jackson/
https://www.nba.com/player/1641748/andre-jackson-jr/,1641748,Andre Jackson Jr/
https://www.nba.com/player/1628991/jaren-jackson-jr/,1628991,Jaren Jackson Jr/
https://www.nba.com/player/1631218/trayce-jackson-davis/,1631218,Trayce Jackson Davis/
https://www.nba.com/player/1642355/bronny-james/,1642355,Bronny James/
https://www.nba.com/player/2544/lebron-james/,2544,Lebron James/
https://www.nba.com/player/1631170/jaime-jaquez-jr/,1631170,Jaime Jaquez Jr/
https://www.nba.com/player/1629610/daquan-jeffries/,1629610,Daquan Jeffries/
https://www.nba.com/player/1641998/trey-jemison/,1641998,Trey Jemison/
https://www.nba.com/player/1642450/daniss-jenkins/,1642450,Daniss Jenkins/
https://www.nba.com/player/1629660/ty-jerome/,1629660,Ty Jerome/
https://www.nba.com/player/1630198/isaiah-joe/,1630198,Isaiah Joe/
https://www.nba.com/player/1642358/aj-johnson/,1642358,Aj Johnson/
https://www.nba.com/player/1629661/cameron-johnson/,1629661,Cameron Johnson/
https://www.nba.com/player/1630552/jalen-johnson/,1630552,Jalen Johnson/
https://www.nba.com/player/201949/james-johnson/,201949,James Johnson/
https://www.nba.com/player/1629640/keldon-johnson/,1629640,Keldon Johnson/
https://www.nba.com/player/1630553/keon-johnson/,1630553,Keon Johnson/
https://www.nba.com/player/1642352/keshad-johnson/,1642352,Keshad Johnson/
https://www.nba.com/player/1641749/keyontae-johnson/,1641749,Keyontae Johnson/
https://www.nba.com/player/203999/nikola-jokic/,203999,Nikola Jokic/
https://www.nba.com/player/1641732/colby-jones/,1641732,Colby Jones/
https://www.nba.com/player/1641794/dillon-jones/,1641794,Dillon Jones/
https://www.nba.com/player/1630529/herbert-jones/,1630529,Herbert Jones/
https://www.nba.com/player/1642403/isaac-jones/,1642403,Isaac Jones/
https://www.nba.com/player/1630539/kai-jones/,1630539,Kai Jones/
https://www.nba.com/player/1630222/mason-jones/,1630222,Mason Jones/
https://www.nba.com/player/1642461/spencer-jones/,1642461,Spencer Jones/
https://www.nba.com/player/1630200/tre-jones/,1630200,Tre Jones/
https://www.nba.com/player/1626145/tyus-jones/,1626145,Tyus Jones/
https://www.nba.com/player/1627884/derrick-jones-jr/,1627884,Derrick Jones Jr/
https://www.nba.com/player/201599/deandre-jordan/,201599,Deandre Jordan/
https://www.nba.com/player/202709/cory-joseph/,202709,Cory Joseph/
https://www.nba.com/player/1631107/nikola-jovic/,1631107,Nikola Jovic/
https://www.nba.com/player/1630548/johnny-juzang/,1630548,Johnny Juzang/
https://www.nba.com/player/1626163/frank-kaminsky/,1626163,Frank Kaminsky/
https://www.nba.com/player/1642530/yuki-kawamura/,1642530,Yuki Kawamura/
https://www.nba.com/player/1630283/kylor-kelley/,1630283,Kylor Kelley/
https://www.nba.com/player/1628379/luke-kennard/,1628379,Luke Kennard/
https://www.nba.com/player/1631117/walker-kessler/,1631117,Walker Kessler/
https://www.nba.com/player/1641795/taevion-kinsey/,1641795,Taevion Kinsey/
https://www.nba.com/player/1630557/corey-kispert/,1630557,Corey Kispert/
https://www.nba.com/player/1628467/maxi-kleber/,1628467,Maxi Kleber/
https://www.nba.com/player/1641752/bobi-klintman/,1641752,Bobi Klintman/
https://www.nba.com/player/1642261/dalton-knecht/,1642261,Dalton Knecht/
https://www.nba.com/player/1628995/kevin-knox-ii/,1628995,Kevin Knox Ii/
https://www.nba.com/player/1642278/tyler-kolek/,1642278,Tyler Kolek/
https://www.nba.com/player/1631132/christian-koloko/,1631132,Christian Koloko/
https://www.nba.com/player/1629723/john-konchar/,1629723,John Konchar/
https://www.nba.com/player/1628436/luke-kornet/,1628436,Luke Kornet/
https://www.nba.com/player/1630249/vit-krejci/,1630249,Vit Krejci/
https://www.nba.com/player/1630228/jonathan-kuminga/,1630228,Jonathan Kuminga/
https://www.nba.com/player/1628398/kyle-kuzma/,1628398,Kyle Kuzma/
https://www.nba.com/player/1627746/skal-labissiere/,1627746,Skal Labissiere/
https://www.nba.com/player/1629111/jock-landale/,1629111,Jock Landale/
https://www.nba.com/player/1631222/jake-laravia/,1631222,Jake Laravia/
https://www.nba.com/player/1641796/pelle-larsson/,1641796,Pelle Larsson/
https://www.nba.com/player/203897/zach-lavine/,203897,Zach Lavine/
https://www.nba.com/player/1630639/aj-lawson/,1630639,Aj Lawson/
https://www.nba.com/player/1627814/damion-lee/,1627814,Damion Lee/
https://www.nba.com/player/203458/alex-len/,203458,Alex Len/
https://www.nba.com/player/202695/kawhi-leonard/,202695,Kawhi Leonard/
https://www.nba.com/player/1642502/malevy-leons/,1642502,Malevy Leons/
https://www.nba.com/player/1627747/caris-levert/,1627747,Caris Levert/
https://www.nba.com/player/1641721/maxwell-lewis/,1641721,Maxwell Lewis/
https://www.nba.com/player/1630184/kira-lewis-jr/,1630184,Kira Lewis Jr/
https://www.nba.com/player/1630604/ej-liddell/,1630604,Ej Liddell/
https://www.nba.com/player/203081/damian-lillard/,203081,Damian Lillard/
https://www.nba.com/player/1629642/nassir-little/,1629642,Nassir Little/
https://www.nba.com/player/1641726/dereck-lively-ii/,1641726,Dereck Lively Ii/
https://www.nba.com/player/1641753/chris-livingston/,1641753,Chris Livingston/
https://www.nba.com/player/1631254/kenneth-lofton-jr/,1631254,Kenneth Lofton Jr/
https://www.nba.com/player/1626172/kevon-looney/,1626172,Kevon Looney/
https://www.nba.com/player/201572/brook-lopez/,201572,Brook Lopez/
https://www.nba.com/player/201567/kevin-love/,201567,Kevin Love/
https://www.nba.com/player/200768/kyle-lowry/,200768,Kyle Lowry/
https://www.nba.com/player/1641754/seth-lundy/,1641754,Seth Lundy/
https://www.nba.com/player/1626168/trey-lyles/,1626168,Trey Lyles/
https://www.nba.com/player/1627748/thon-maker/,1627748,Thon Maker/
https://www.nba.com/player/1630572/sandro-mamukelashvili/,1630572,Sandro Mamukelashvili/
https://www.nba.com/player/1629611/terance-mann/,1629611,Terance Mann/
https://www.nba.com/player/1630544/tre-mann/,1630544,Tre Mann/
https://www.nba.com/player/1628374/lauri-markkanen/,1628374,Lauri Markkanen/
https://www.nba.com/player/1630230/naji-marshall/,1630230,Naji Marshall/
https://www.nba.com/player/1628997/caleb-martin/,1628997,Caleb Martin/
https://www.nba.com/player/1628998/cody-martin/,1628998,Cody Martin/
https://www.nba.com/player/1641798/jaylen-martin/,1641798,Jaylen Martin/
https://www.nba.com/player/1630231/kj-martin/,1630231,Kj Martin/
https://www.nba.com/player/1631213/tyrese-martin/,1631213,Tyrese Martin/
https://www.nba.com/player/1629726/garrison-mathews/,1629726,Garrison Mathews/
https://www.nba.com/player/1631097/bennedict-mathurin/,1631097,Bennedict Mathurin/
https://www.nba.com/player/1631255/karlo-matkovic/,1631255,Karlo Matkovic/
https://www.nba.com/player/1630178/tyrese-maxey/,1630178,Tyrese Maxey/
https://www.nba.com/player/1630219/skylar-mays/,1630219,Skylar Mays/
https://www.nba.com/player/1630540/miles-mcbride/,1630540,Miles Mcbride/
https://www.nba.com/player/1642272/jared-mccain/,1642272,Jared Mccain/
https://www.nba.com/player/1630644/mac-mcclung/,1630644,Mac Mcclung/
https://www.nba.com/player/203468/cj-mccollum/,203468,Cj Mccollum/
https://www.nba.com/player/204456/tj-mcconnell/,204456,Tj Mcconnell/
https://www.nba.com/player/1631322/javante-mccoy/,1631322,Javante Mccoy/
https://www.nba.com/player/1641755/kevin-mccullar-jr/,1641755,Kevin Mccullar Jr/
https://www.nba.com/player/1630183/jaden-mcdaniels/,1630183,Jaden Mcdaniels/
https://www.nba.com/player/1629667/jalen-mcdaniels/,1629667,Jalen Mcdaniels/
https://www.nba.com/player/1631121/bryce-mcgowens/,1631121,Bryce Mcgowens/
https://www.nba.com/player/1629162/jordan-mclaughlin/,1629162,Jordan Mclaughlin/
https://www.nba.com/player/1629098/jack-mcveigh/,1629098,Jack Mcveigh/
https://www.nba.com/player/1629001/deanthony-melton/,1629001,Deanthony Melton/
https://www.nba.com/player/1641877/nathan-mensah/,1641877,Nathan Mensah/
https://www.nba.com/player/1630241/sam-merrill/,1630241,Sam Merrill/
https://www.nba.com/player/203995/vasilije-micic/,203995,Vasilije Micic/
https://www.nba.com/player/203114/khris-middleton/,203114,Khris Middleton/
https://www.nba.com/player/1641706/brandon-miller/,1641706,Brandon Miller/
https://www.nba.com/player/1641801/emanuel-miller/,1641801,Emanuel Miller/
https://www.nba.com/player/1641757/jordan-miller/,1641757,Jordan Miller/
https://www.nba.com/player/1631159/leonard-miller/,1631159,Leonard Miller/
https://www.nba.com/player/201988/patty-mills/,201988,Patty Mills/
https://www.nba.com/player/1629003/shake-milton/,1629003,Shake Milton/
https://www.nba.com/player/1631303/justin-minaya/,1631303,Justin Minaya/
https://www.nba.com/player/1642434/riley-minix/,1642434,Riley Minix/
https://www.nba.com/player/1631169/josh-minott/,1631169,Josh Minott/
https://www.nba.com/player/1641758/judah-mintz/,1641758,Judah Mintz/
https://www.nba.com/player/1642274/yves-missi/,1642274,Yves Missi/
https://www.nba.com/player/1642349/ajay-mitchell/,1642349,Ajay Mitchell/
https://www.nba.com/player/1630558/davion-mitchell/,1630558,Davion Mitchell/
https://www.nba.com/player/1628378/donovan-mitchell/,1628378,Donovan Mitchell/
https://www.nba.com/player/1630596/evan-mobley/,1630596,Evan Mobley/
https://www.nba.com/player/1630600/isaiah-mobley/,1630600,Isaiah Mobley/
https://www.nba.com/player/1642367/jonathan-mogbo/,1642367,Jonathan Mogbo/
https://www.nba.com/player/1628370/malik-monk/,1628370,Malik Monk/
https://www.nba.com/player/1630541/moses-moody/,1630541,Moses Moody/
https://www.nba.com/player/1631386/taze-moore/,1631386,Taze Moore/
https://www.nba.com/player/1631111/wendell-moore-jr/,1631111,Wendell Moore Jr/
https://www.nba.com/player/1629630/ja-morant/,1629630,Ja Morant/
https://www.nba.com/player/202693/markieff-morris/,202693,Markieff Morris/
https://www.nba.com/player/1628420/monte-morris/,1628420,Monte Morris/
https://www.nba.com/player/1630530/trey-murphy-iii/,1630530,Trey Murphy Iii/
https://www.nba.com/player/1627749/dejounte-murray/,1627749,Dejounte Murray/
https://www.nba.com/player/1627750/jamal-murray/,1627750,Jamal Murray/
https://www.nba.com/player/1631099/keegan-murray/,1631099,Keegan Murray/
https://www.nba.com/player/1631200/kris-murray/,1631200,Kris Murray/
https://www.nba.com/player/1629004/svi-mykhailiuk/,1629004,Svi Mykhailiuk/
https://www.nba.com/player/1631250/pete-nance/,1631250,Pete Nance/
https://www.nba.com/player/1626204/larry-nance-jr/,1626204,Larry Nance Jr/
https://www.nba.com/player/1629614/andrew-nembhard/,1629614,Andrew Nembhard/
https://www.nba.com/player/1630174/aaron-nesmith/,1630174,Aaron Nesmith/
https://www.nba.com/player/1641803/tristen-newton/,1641803,Tristen Newton/
https://www.nba.com/player/1627777/georges-niang/,1627777,Georges Niang/
https://www.nba.com/player/1630227/daishen-nix/,1630227,Daishen Nix/
https://www.nba.com/player/1630192/zeke-nnaji/,1630192,Zeke Nnaji/
https://www.nba.com/player/1629669/jaylen-nowell/,1629669,Jaylen Nowell/
https://www.nba.com/player/1641806/markquis-nowell/,1641806,Markquis Nowell/
https://www.nba.com/player/203994/jusuf-nurkic/,203994,Jusuf Nurkic/
https://www.nba.com/player/1631499/alex-oconnell/,1631499,Alex Oconnell/
https://www.nba.com/player/1629643/chuma-okeke/,1629643,Chuma Okeke/
https://www.nba.com/player/1629006/josh-okogie/,1629006,Josh Okogie/
https://www.nba.com/player/1630168/onyeka-okongwu/,1630168,Onyeka Okongwu/
https://www.nba.com/player/1630171/isaac-okoro/,1630171,Isaac Okoro/
https://www.nba.com/player/1642439/quincy-olivari/,1642439,Quincy Olivari/
https://www.nba.com/player/203482/kelly-olynyk/,203482,Kelly Olynyk/
https://www.nba.com/player/1630647/eugene-omoruyi/,1630647,Eugene Omoruyi/
https://www.nba.com/player/1626220/royce-oneale/,1626220,Royce Oneale/
https://www.nba.com/player/1629671/miye-oni/,1629671,Miye Oni/
https://www.nba.com/player/1626162/kelly-oubre-jr/,1626162,Kelly Oubre Jr/
https://www.nba.com/player/1628394/anzejs-pasecniks/,1628394,Anzejs Pasecniks/
https://www.nba.com/player/101108/chris-paul/,101108,Chris Paul/
https://www.nba.com/player/1626166/cameron-payne/,1626166,Cameron Payne/
https://www.nba.com/player/1627780/gary-payton-ii/,1627780,Gary Payton Ii/
https://www.nba.com/player/1641970/maozinha-pereira/,1641970,Maozinha Pereira/
https://www.nba.com/player/1641809/drew-peterson/,1641809,Drew Peterson/
https://www.nba.com/player/1641763/julian-phillips/,1641763,Julian Phillips/
https://www.nba.com/player/1629618/jalen-pickett/,1629618,Jalen Pickett/
https://www.nba.com/player/1630590/scotty-pippen-jr/,1630590,Scotty Pippen Jr/
https://www.nba.com/player/1631342/daeqwon-plowden/,1631342,Daeqwon Plowden/
https://www.nba.com/player/203486/mason-plumlee/,203486,Mason Plumlee/
https://www.nba.com/player/1641764/brandin-podziemski/,1641764,Brandin Podziemski/
https://www.nba.com/player/1627751/jakob-poltl/,1627751,Jakob Poltl/
https://www.nba.com/player/1629673/jordan-poole/,1629673,Jordan Poole/
https://www.nba.com/player/1641854/craig-porter-jr/,1641854,Craig Porter Jr/
https://www.nba.com/player/1629645/kevin-porter-jr/,1629645,Kevin Porter Jr/
https://www.nba.com/player/1629008/michael-porter-jr/,1629008,Michael Porter Jr/
https://www.nba.com/player/1626171/bobby-portis/,1626171,Bobby Portis/
https://www.nba.com/player/204001/kristaps-porzingis/,204001,Kristaps Porzingis/
https://www.nba.com/player/1642366/quinten-post/,1642366,Quinten Post/
https://www.nba.com/player/1630695/micah-potter/,1630695,Micah Potter/
https://www.nba.com/player/203939/dwight-powell/,203939,Dwight Powell/
https://www.nba.com/player/1626181/norman-powell/,1626181,Norman Powell/
https://www.nba.com/player/1630554/jason-preston/,1630554,Jason Preston/
https://www.nba.com/player/1627752/taurean-prince/,1627752,Taurean Prince/
https://www.nba.com/player/1630202/payton-pritchard/,1630202,Payton Pritchard/
https://www.nba.com/player/1641765/olivier-maxence-prosper/,1641765,Olivier Maxence Prosper/
https://www.nba.com/player/1642389/zyon-pullin/,1642389,Zyon Pullin/
https://www.nba.com/player/1630243/trevelin-queen/,1630243,Trevelin Queen/
https://www.nba.com/player/1629674/neemias-queta/,1629674,Neemias Queta/
https://www.nba.com/player/1630193/immanuel-quickley/,1630193,Immanuel Quickley/
https://www.nba.com/player/1631311/lester-quinones/,1631311,Lester Quinones/
https://www.nba.com/player/1630186/jahmius-ramsey/,1630186,Jahmius Ramsey/
https://www.nba.com/player/203944/julius-randle/,203944,Julius Randle/
https://www.nba.com/player/1641871/duop-reath/,1641871,Duop Reath/
https://www.nba.com/player/1630559/austin-reaves/,1630559,Austin Reaves/
https://www.nba.com/player/1629629/cam-reddish/,1629629,Cam Reddish/
https://www.nba.com/player/1630194/paul-reed/,1630194,Paul Reed/
https://www.nba.com/player/1642024/alex-reese/,1642024,Alex Reese/
https://www.nba.com/player/1641810/antonio-reeves/,1641810,Antonio Reeves/
https://www.nba.com/player/1629675/naz-reid/,1629675,Naz Reid/
https://www.nba.com/player/1631197/jared-rhoden/,1631197,Jared Rhoden/
https://www.nba.com/player/1630208/nick-richards/,1630208,Nick Richards/
https://www.nba.com/player/1626196/josh-richardson/,1626196,Josh Richardson/
https://www.nba.com/player/1642258/zaccharie-risacher/,1642258,Zaccharie Risacher/
https://www.nba.com/player/1641857/liam-robbins/,1641857,Liam Robbins/
https://www.nba.com/player/1629130/duncan-robinson/,1629130,Duncan Robinson/
https://www.nba.com/player/1629011/mitchell-robinson/,1629011,Mitchell Robinson/
https://www.nba.com/player/1631115/orlando-robinson/,1631115,Orlando Robinson/
https://www.nba.com/player/1630526/jeremiah-robinson-earl/,1630526,Jeremiah Robinson Earl/
https://www.nba.com/player/1631223/david-roddy/,1631223,David Roddy/
https://www.nba.com/player/1631157/ryan-rollins/,1631157,Ryan Rollins/
https://www.nba.com/player/1642050/jackson-rowe/,1642050,Jackson Rowe/
https://www.nba.com/player/1626179/terry-rozier/,1626179,Terry Rozier/
https://www.nba.com/player/1641712/rayan-rupert/,1641712,Rayan Rupert/
https://www.nba.com/player/1626156/dangelo-russell/,1626156,Dangelo Russell/
https://www.nba.com/player/1642504/cormac-ryan/,1642504,Cormac Ryan/
https://www.nba.com/player/1630346/matt-ryan/,1630346,Matt Ryan/
https://www.nba.com/player/1627734/domantas-sabonis/,1627734,Domantas Sabonis/
https://www.nba.com/player/1642275/tidjane-salaun/,1642275,Tidjane Salaun/
https://www.nba.com/player/1631257/jermaine-samuels-jr/,1631257,Jermaine Samuels Jr/
https://www.nba.com/player/1641766/adama-sanogo/,1641766,Adama Sanogo/
https://www.nba.com/player/1630611/gui-santos/,1630611,Gui Santos/
https://www.nba.com/player/203967/dario-saric/,203967,Dario Saric/
https://www.nba.com/player/1642259/alexandre-sarr/,1642259,Alexandre Sarr/
https://www.nba.com/player/1631204/marcus-sasser/,1631204,Marcus Sasser/
https://www.nba.com/player/1631248/baylor-scheierman/,1631248,Baylor Scheierman/
https://www.nba.com/player/203471/dennis-schroder/,203471,Dennis Schroder/
https://www.nba.com/player/1631220/dereon-seabron/,1631220,Dereon Seabron/
https://www.nba.com/player/1630578/alperen-sengun/,1630578,Alperen Sengun/
https://www.nba.com/player/1641729/brice-sensabaugh/,1641729,Brice Sensabaugh/
https://www.nba.com/player/1629012/collin-sexton/,1629012,Collin Sexton/
https://www.nba.com/player/1629013/landry-shamet/,1629013,Landry Shamet/
https://www.nba.com/player/1630545/terrence-shannon-jr/,1630545,Terrence Shannon Jr/
https://www.nba.com/player/1642481/jamarion-sharp/,1642481,Jamarion Sharp/
https://www.nba.com/player/1630549/dayron-sharpe/,1630549,Dayron Sharpe/
https://www.nba.com/player/1631101/shaedon-sharpe/,1631101,Shaedon Sharpe/
https://www.nba.com/player/1642347/jamal-shead/,1642347,Jamal Shead/
https://www.nba.com/player/1641767/ben-sheppard/,1641767,Ben Sheppard/
https://www.nba.com/player/1642263/reed-sheppard/,1642263,Reed Sheppard/
https://www.nba.com/player/1627783/pascal-siakam/,1627783,Pascal Siakam/
https://www.nba.com/player/1627732/ben-simmons/,1627732,Ben Simmons/
https://www.nba.com/player/1629014/anfernee-simons/,1629014,Anfernee Simons/
https://www.nba.com/player/1642354/kj-simpson/,1642354,Kj Simpson/
https://www.nba.com/player/1630579/jericho-sims/,1630579,Jericho Sims/
https://www.nba.com/player/1631376/dmytro-skapintsev/,1631376,Dmytro Skapintsev/
https://www.nba.com/player/1641771/jalen-slawson/,1641771,Jalen Slawson/
https://www.nba.com/player/1630606/javonte-smart/,1630606,Javonte Smart/
https://www.nba.com/player/203935/marcus-smart/,203935,Marcus Smart/
https://www.nba.com/player/1630696/dru-smith/,1630696,Dru Smith/
https://www.nba.com/player/1630188/jalen-smith/,1630188,Jalen Smith/
https://www.nba.com/player/1642449/tolu-smith/,1642449,Tolu Smith/
https://www.nba.com/player/1641890/tyler-smith/,1641890,Tyler Smith/
https://www.nba.com/player/1629015/zhaire-smith/,1629015,Zhaire Smith/
https://www.nba.com/player/1631095/jabari-smith-jr/,1631095,Jabari Smith Jr/
https://www.nba.com/player/1641733/nick-smith-jr/,1641733,Nick Smith Jr/
https://www.nba.com/player/1631110/jeremy-sochan/,1631110,Jeremy Sochan/
https://www.nba.com/player/1642285/cam-spencer/,1642285,Cam Spencer/
https://www.nba.com/player/1630311/pat-spencer/,1630311,Pat Spencer/
https://www.nba.com/player/1630531/jaden-springer/,1630531,Jaden Springer/
https://www.nba.com/player/1641815/isaiah-stevens/,1641815,Isaiah Stevens/
https://www.nba.com/player/1630205/lamar-stevens/,1630205,Lamar Stevens/
https://www.nba.com/player/1630569/dj-steward/,1630569,Dj Steward/
https://www.nba.com/player/1630191/isaiah-stewart/,1630191,Isaiah Stewart/
https://www.nba.com/player/1631124/julian-strawther/,1631124,Julian Strawther/
https://www.nba.com/player/1629622/max-strus/,1629622,Max Strus/
https://www.nba.com/player/1630591/jalen-suggs/,1630591,Jalen Suggs/
https://www.nba.com/player/1631306/cole-swider/,1631306,Cole Swider/
https://www.nba.com/player/1630256/jaesean-tate/,1630256,Jaesean Tate/
https://www.nba.com/player/1628369/jayson-tatum/,1628369,Jayson Tatum/
https://www.nba.com/player/1630678/terry-taylor/,1630678,Terry Taylor/
https://www.nba.com/player/202066/garrett-temple/,202066,Garrett Temple/
https://www.nba.com/player/1631207/dalen-terry/,1631207,Dalen Terry/
https://www.nba.com/player/1628464/daniel-theis/,1628464,Daniel Theis/
https://www.nba.com/player/1630271/brodric-thomas/,1630271,Brodric Thomas/
https://www.nba.com/player/1630560/cam-thomas/,1630560,Cam Thomas/
https://www.nba.com/player/1641708/amen-thompson/,1641708,Amen Thompson/
https://www.nba.com/player/1641709/ausar-thompson/,1641709,Ausar Thompson/
https://www.nba.com/player/1630679/ethan-thompson/,1630679,Ethan Thompson/
https://www.nba.com/player/202691/klay-thompson/,202691,Klay Thompson/
https://www.nba.com/player/202684/tristan-thompson/,202684,Tristan Thompson/
https://www.nba.com/player/1630550/jt-thor/,1630550,Jt Thor/
https://www.nba.com/player/1629680/matisse-thybulle/,1629680,Matisse Thybulle/
https://www.nba.com/player/1630214/xavier-tillman/,1630214,Xavier Tillman/
https://www.nba.com/player/1642260/nikola-topic/,1642260,Nikola Topic/
https://www.nba.com/player/1631210/jacob-toppin/,1631210,Jacob Toppin/
https://www.nba.com/player/1630167/obi-toppin/,1630167,Obi Toppin/
https://www.nba.com/player/1626157/karl-anthony-towns/,1626157,Karl Anthony Towns/
https://www.nba.com/player/1642422/armel-traore/,1642422,Armel Traore/
https://www.nba.com/player/1631247/luke-travers/,1631247,Luke Travers/
https://www.nba.com/player/1629018/gary-trent-jr/,1629018,Gary Trent Jr/
https://www.nba.com/player/1631131/oscar-tshiebwe/,1631131,Oscar Tshiebwe/
https://www.nba.com/player/1630733/jordan-tucker/,1630733,Jordan Tucker/
https://www.nba.com/player/200782/pj-tucker/,200782,Pj Tucker/
https://www.nba.com/player/1626167/myles-turner/,1626167,Myles Turner/
https://www.nba.com/player/1641816/hunter-tyson/,1641816,Hunter Tyson/
https://www.nba.com/player/1642281/jaylon-tyson/,1642281,Jaylon Tyson/
https://www.nba.com/player/1630649/stanley-umude/,1630649,Stanley Umude/
https://www.nba.com/player/202685/jonas-valanciunas/,202685,Jonas Valanciunas/
https://www.nba.com/player/1629020/jarred-vanderbilt/,1629020,Jarred Vanderbilt/
https://www.nba.com/player/1627832/fred-vanvleet/,1627832,Fred Vanvleet/
https://www.nba.com/player/1630170/devin-vassell/,1630170,Devin Vassell/
https://www.nba.com/player/1629216/gabe-vincent/,1629216,Gabe Vincent/
https://www.nba.com/player/202696/nikola-vucevic/,202696,Nikola Vucevic/
https://www.nba.com/player/1641774/tristan-vukcevic/,1641774,Tristan Vukcevic/
https://www.nba.com/player/1629731/dean-wade/,1629731,Dean Wade/
https://www.nba.com/player/1630532/franz-wagner/,1630532,Franz Wagner/
https://www.nba.com/player/1629021/moritz-wagner/,1629021,Moritz Wagner/
https://www.nba.com/player/1631133/jabari-walker/,1631133,Jabari Walker/
https://www.nba.com/player/1641716/jarace-walker/,1641716,Jarace Walker/
https://www.nba.com/player/1629022/lonnie-walker-iv/,1629022,Lonnie Walker Iv/
https://www.nba.com/player/1641717/cason-wallace/,1641717,Cason Wallace/
https://www.nba.com/player/1630811/keaton-wallace/,1630811,Keaton Wallace/
https://www.nba.com/player/1641775/jordan-walsh/,1641775,Jordan Walsh/
https://www.nba.com/player/1642266/jakobe-walter/,1642266,Jakobe Walter/
https://www.nba.com/player/1642276/kelel-ware/,1642276,Kelel Ware/
https://www.nba.com/player/203933/tj-warren/,203933,Tj Warren/
https://www.nba.com/player/1629023/pj-washington/,1629023,Pj Washington/
https://www.nba.com/player/1630613/duane-washington-jr/,1630613,Duane Washington Jr/
https://www.nba.com/player/1631102/tyty-washington-jr/,1631102,Tyty Washington Jr/
https://www.nba.com/player/1630322/lindy-waters-iii/,1630322,Lindy Waters Iii/
https://www.nba.com/player/1630570/trendon-watford/,1630570,Trendon Watford/
https://www.nba.com/player/1641817/anton-watson/,1641817,Anton Watson/
https://www.nba.com/player/1631212/peyton-watson/,1631212,Peyton Watson/
https://www.nba.com/player/1642377/jaylen-wells/,1642377,Jaylen Wells/
https://www.nba.com/player/1641705/victor-wembanyama/,1641705,Victor Wembanyama/
https://www.nba.com/player/1631104/blake-wesley/,1631104,Blake Wesley/
https://www.nba.com/player/201566/russell-westbrook/,201566,Russell Westbrook/
https://www.nba.com/player/1629632/coby-white/,1629632,Coby White/
https://www.nba.com/player/1628401/derrick-white/,1628401,Derrick White/
https://www.nba.com/player/1641727/dariq-whitehead/,1641727,Dariq Whitehead/
https://www.nba.com/player/1641715/cam-whitmore/,1641715,Cam Whitmore/
https://www.nba.com/player/1630598/aaron-wiggins/,1630598,Aaron Wiggins/
https://www.nba.com/player/203952/andrew-wiggins/,203952,Andrew Wiggins/
https://www.nba.com/player/1631214/alondes-williams/,1631214,Alondes Williams/
https://www.nba.com/player/1630314/brandon-williams/,1630314,Brandon Williams/
https://www.nba.com/player/1642262/cody-williams/,1642262,Cody Williams/
https://www.nba.com/player/1629684/grant-williams/,1629684,Grant Williams/
https://www.nba.com/player/1631114/jalen-williams/,1631114,Jalen Williams/
https://www.nba.com/player/1631119/jaylin-williams/,1631119,Jaylin Williams/
https://www.nba.com/player/1629026/kenrich-williams/,1629026,Kenrich Williams/
https://www.nba.com/player/1631109/mark-williams/,1631109,Mark Williams/
https://www.nba.com/player/1631466/nate-williams/,1631466,Nate Williams/
https://www.nba.com/player/1630172/patrick-williams/,1630172,Patrick Williams/
https://www.nba.com/player/1630533/ziaire-williams/,1630533,Ziaire Williams/
https://www.nba.com/player/1629057/robert-williams-iii/,1629057,Robert Williams Iii/
https://www.nba.com/player/1631246/vince-williams-jr/,1631246,Vince Williams Jr/
https://www.nba.com/player/1629627/zion-williamson/,1629627,Zion Williamson/
https://www.nba.com/player/1630592/jalen-wilson/,1630592,Jalen Wilson/
https://www.nba.com/player/1630164/james-wiseman/,1630164,James Wiseman/
https://www.nba.com/player/1631209/isaiah-wong/,1631209,Isaiah Wong/
https://www.nba.com/player/1626174/christian-wood/,1626174,Christian Wood/
https://www.nba.com/player/1642473/moses-wood/,1642473,Moses Wood/
https://www.nba.com/player/1626153/delon-wright/,1626153,Delon Wright/
https://www.nba.com/player/1627824/guerschon-yabusele/,1627824,Guerschon Yabusele/
https://www.nba.com/player/1629027/trae-young/,1629027,Trae Young/
https://www.nba.com/player/203469/cody-zeller/,203469,Cody Zeller/
https://www.nba.com/player/1627826/ivica-zubac/,1627826,Ivica Zubac/
